Workbook

Sheet Übersicht
A1: CAS AI in Business, Vertiefung: Modul Generative AI 2026
A2: Detaillierte Tagesstruktur, Version 2
A4: Didaktisches Prinzip | B4: Flipped Classroom auf Lab-Ebene. Jedes Lab beginnt mit kurzem Dozenten-Intro, dann führen die Teilnehmer das Lab durch, danach folgt der zugehörige Theorieblock.
A5: Lückenfüller | B5: Lab 03a «Ask Me Anything» Teil 1 (UC#1-4) und Teil 2 (UC#5-7) sind optionale Lückenfüller in Block 1, primär an Tag 2 oder Tag 3 vorgesehen.
A7: Tag | B7: Titel | C7: Schwerpunkt | D7: Start | E7: Ende
A8: Tag 1 | B8: Einstieg, M365 Agent Builder, Übergang zu Copilot Studio | C8: Lab 01, Lab 02, Lab 03; AI-Landschaft, Plattformvergleich, Knowledge/RAG | D8: ='Tag 1'!A4 -> 0.35416667 | E8: ='Tag 1'!D21 -> 0.65625
A9: Tag 2 | B9: Multi-Agent-Grundlagen, Datenintegration, Qualität, Multi-Agent-Anwendung | C9: Lab 04, Lab 04, Lab 05, Lab 06; MCP/A2A, Multi-Agent-Pattern, Evaluierung | D9: ='Tag 2'!A4 -> 0.35416667 | E9: ='Tag 2'!D19 -> 0.65625
A10: Tag 3 | B10: Pro-Code, eigener MCP-Server, Konsolidierung und Hackathon-Vorbereitung | C10: Lab 08, Gruppendiskussion, Hackathon-Vorbereitung | D10: ='Tag 3'!A4 -> 0.35416667 | E10: ='Tag 3'!D17 -> 0.63194444
A11: Tag 4 | B11: Human-in-the-Loop und autonome Agents | C11: Lab 09, Lab 10, Lab 07, Lab 11, Lab 12; HITL, autonome Agents, CUA | D11: ='Tag 4'!A4 -> 0.35416667 | E11: ='Tag 4'!D20 -> 0.64930556
A12: Tag 5 | B12: Erweiterte Patterns, BYOM, Hackathon-Vorbereitung | C12: Lab 13; Azure AI Foundry, Modellauswahl, eigene Use Cases | D12: ='Tag 5'!A4 -> 0.35416667 | E12: ='Tag 5'!D21 -> 0.64583333
A13: Tag 6 | B13: Hackathon und Abschlusspräsentationen | C13: Umsetzung der eigenen Use Cases, Präsentationen, Modulabschluss | D13: ='Tag 6'!A4 -> 0.35416667 | E13: ='Tag 6'!D12 -> 0.6875

Sheet Tag 1
A1: Tag 1: Einstieg, M365 Agent Builder, Übergang zu Copilot Studio
A3: Zeit | B3: Dauer (min) | C3: Was | D3: Quelle
A4: 0.35416667 | B4: 25 | C4: Welcome und Intro | D4: 🎓 Dozent
A5: =A4+B4/(24*60) -> 0.37152778 | B5: 15 | C5: Quizz: Wissensstand | D5: Interaktiv
A6: =A5+B5/(24*60) -> 0.38194444 | B6: 15 | C6: Lab 00: Zugriff auf Lab-Umgebung | D6: 🎓 Dozent
A7: =A6+B6/(24*60) -> 0.39236111 | B7: 30 | C7: Mini Lecture: AI- und Agentic-AI-Landschaft, Was ist ein Agent (gekürzt) | D7: 🎓 Dozent
A8: =A7+B7/(24*60) -> 0.41319444 | B8: 20 | C8: Pause
A9: =A8+B8/(24*60) -> 0.42708333 | B9: 40 | C9: Lab 01: Progressive AI Assistants (Web Agent, SharePoint Agent, Code Interpreter) | D9: 🔗 MCS: agent-builder-m365
A10: =A9+B9/(24*60) -> 0.45486111 | B10: 20 | C10: Theorie: Platform erklärt: Copilot Studio, Power Platform, M365 Copilot. Deklarative vs. Custom Agents | D10: 🎓 Dozent
A11: =A10+B10/(24*60) -> 0.46875 | B11: 20 | C11: Lab C01: Power Platform kennenlernen | D11: 🔗 AI-Training: explore-powerplatform
A12: =A11+B11/(24*60) -> 0.48263889 | B12: 45 | C12: Mittagspause
A13: =A12+B12/(24*60) -> 0.51388889 | B13: 5 | C13: Mandelbärli
A14: =A13+B13/(24*60) -> 0.51736111 | B14: 60 | C14: Lab 02: Monthly Business Review Agent (SharePoint-basierte Geschäftsanalyse, Insights aus Decks) | D14: 🔗 MCS: mbr-prep-sharepoint-agent
A15: =A14+B14/(24*60) -> 0.55902778 | B15: 40 | C15: Lab 03: Build Intelligent Agents with Knowledge Sources, Tools, and Topics (erster Custom Agent in Copilot Studio) | D15: 🔗 MCS: core-concepts-agent-knowledge-tools
A16: =A15+B15/(24*60) -> 0.58680556 | B16: 20 | C16: Pause
A17: =A16+B16/(24*60) -> 0.60069444 | B17: 20 | C17: Lab 03: Build Intelligent Agents with Knowledge Sources, Tools, and Topics (erster Custom Agent in Copilot Studio) | D17: 🔗 MCS: core-concepts-agent-knowledge-tools
A18: =A17+B17/(24*60) -> 0.61458333 | B18: 45 | C18: 1. Vorbereitung Hackathon: Use-Case-Identifikation | D18: Interaktiv
A19: =A18+B18/(24*60) -> 0.64583333 | B19: 15 | C19: Wrap-up Tag 1 | D19: 🎓 Dozent
A21: Tagestotal | B21: =SUM(B4:B19) -> 435 | C21: Errechnetes Tagesende | D21: =A4+SUM(B4:B19)/(24*60) -> 0.65625

Sheet Tag 2
A1: Tag 2: Multi-Agent-Grundlagen, Datenintegration, Qualität und Evaluation
A3: Zeit | B3: Dauer (min) | C3: Was | D3: Quelle
A4: 0.35416667 | B4: 15 | C4: Recap Tag 1, offene Fragen | D4: 🎓 Dozent
A5: =A4+B4/(24*60) -> 0.36458333 | B5: 20 | C5: Lab 03: Build Intelligent Agents with Knowledge Sources, Tools, and Topics (erster Custom Agent in Copilot Studio) | D5: 🔗 MCS: core-concepts-agent-knowledge-tools
A6: =A5+B5/(24*60) -> 0.37847222 | B6: 35 | C6: Theorie: Architektur von Agents in Copilot Studio. Knowledge Sources und RAG-Grundlagen. | D6: 🎓 Dozent
A7: =A6+B6/(24*60) -> 0.40277778 | B7: 40 | C7: Lab 04: Master Variables, Multi-Agent Architectures, and Channel Deployment (baut auf Lab 03 auf) | D7: 🔗 MCS: core-concepts-variables-agents-channels
A8: =A7+B7/(24*60) -> 0.43055556 | B8: 20 | C8: Pause
A9: =A8+B8/(24*60) -> 0.44444444 | B9: 30 | C9: Theorie: Tools und Topics, Child-Agent-Pattern. Variables und Conversation State. Channel Deployment | D9: 🎓 Dozent
A10: =A9+B9/(24*60) -> 0.46527778 | B10: 45 | C10: Mittagspause
A11: =A10+B10/(24*60) -> 0.49652778 | B11: 50 | C11: Lab 05: Dataverse MCP Connector, Contoso Agent (Live-Daten-Integration via MCP) | D11: 🔗 MCS: dataverse-mcp-connector
A12: =A11+B11/(24*60) -> 0.53125 | B12: 60 | C12: Theorie: MCP und A2A als Standardprotokolle. | D12: 🎓 Dozent
A13: =A12+B12/(24*60) -> 0.57291667 | B13: 20 | C13: Pause
A14: =A13+B13/(24*60) -> 0.58680556 | B14: 40 | C14: Lab 06: Analytics und Evaluierung | D14: 🔗 MCS: core-concepts-analytics-evaluations
A15: =A14+B14/(24*60) -> 0.61458333 | B15: 15 | C15: Theorie: Evaluierung | D15: 🎓 Dozent
A16: =A15+B15/(24*60) -> 0.625 | B16: 30 | C16: 2. Vorbereitung Hackathon: Evaluation | D16: Interaktiv
A17: =A16+B16/(24*60) -> 0.64583333 | B17: 15 | C17: Wrap-up Tag 2 | D17: 🎓 Dozent
A19: Tagestotal | B19: =SUM(B4:B17) -> 435 | C19: Errechnetes Tagesende | D19: =A4+SUM(B4:B17)/(24*60) -> 0.65625

Sheet Tag 3
A1: Tag 3: Systemintegration und Eigener MCP-Server, Konsolidierung und Hackathon-Vorbereitung
A3: Zeit | B3: Dauer (min) | C3: Was | D3: Quelle
A4: 0.35416667 | B4: 15 | C4: Recap Tag 2, offene Fragen | D4: 🎓 Dozent
A5: =A4+B4/(24*60) -> 0.36458333 | B5: 40 | C5: Lab 07a: Multi-Agent in Copilot Studio (Contoso Agent als Child / Connected Agent) | D5: 🔗 MCS: mcs-multi-agent
A6: =A5+B5/(24*60) -> 0.39236111 | B6: 40 | C6: Theorie: Multi-Agent-Architektur vertieft, Übergang zu autonomen Agents | D6: 🎓 Dozent
A7: =A6+B6/(24*60) -> 0.42013889 | B7: 40 | C7: Lab 07b: Improve Agent with Instructions (Skip Use Case #1) | D7: 🔗 MCS: mcs-orchestration
A8: =A7+B7/(24*60) -> 0.44791667 | B8: 15 | C8: Pause
A9: =A8+B8/(24*60) -> 0.45833333 | B9: 60 | C9: Lab C06: Workflow E-Mail Triage | D9: 🔗 AI-Training: workflow-email-triage
A10: =A9+B9/(24*60) -> 0.5 | B10: 45 | C10: Mittagspause
A11: =A10+B10/(24*60) -> 0.53125 | B11: 10 | C11: Theorie: Use Case Development | D11: 🎓 Dozent
A12: =A11+B11/(24*60) -> 0.53819444 | B12: 50 | C12: 3. Vorbereitung Hackathon: Jobs-Design | D12: 🎓 Dozent
A13: =A12+B12/(24*60) -> 0.57291667 | B13: 15 | C13: Pause
A14: =A13+B13/(24*60) -> 0.58333333 | B14: 40 | C14: Lab 08: MCP-Server bereitstellen und anbinden (eigenen MCP-Server deployen und in Copilot Studio einbinden) ⚠️ | D14: 🔗 MCS: mcs-mcp-external
A15: =A14+B14/(24*60) -> 0.61111111 | B15: 30 | C15: Wrap-up Block 1, Brücke zu Block 2 | D15: 🎓 Dozent
A17: Tagestotal | B17: =SUM(B4:B15) -> 400 | C17: Errechnetes Tagesende | D17: =A4+SUM(B4:B15)/(24*60) -> 0.63194444

Sheet Tag 4
A1: Tag 4: Human-in-the-Loop und autonome Agents
A3: Zeit | B3: Dauer (min) | C3: Was | D3: Quelle
A4: 0.35416667 | B4: 30 | C4: Recap Block 1, offene Fragen, Stand der Hackathon-Use-Cases | D4: 🎓 Dozent
A5: =A4+B4/(24*60) -> 0.375 | B5: 40 | C5: 4. Vorbereitung Hackathon: Architektur festigen und Use Case mitteilen | D5: Interaktiv
A6: =A5+B5/(24*60) -> 0.40277778 | B6: 20 | C6: Gruppenarbeit HITL | D6: Interaktiv
A7: =A6+B6/(24*60) -> 0.41666667 | B7: 30 | C7: Lab 11: Autonomer Support Agent (E-Mail-basiert, Knowledge Base, ServiceNow) | D7: 🔗 MCS: autonomous-support-agent
A8: =A7+B7/(24*60) -> 0.4375 | B8: 15 | C8: Pause
A9: =A8+B8/(24*60) -> 0.44791667 | B9: 30 | C9: Theorie: Autonome Agents, Human-in-the-Loop Patterns, Approvals, wann braucht es einen Menschen im Loop | D9: 🎓 Dozent
A10: =A9+B9/(24*60) -> 0.46875 | B10: 30 | C10: Lab 7.b: Workflow: Trigger, Human-in-the-Loop, Agent automation | D10: 🔗 MCS: mcs-workflows
A11: =A10+B10/(24*60) -> 0.48958333 | B11: 60 | C11: Mittagspause
A12: =A11+B11/(24*60) -> 0.53125 | B12: 30 | C12: Lab 7.b: Workflow: Trigger, Human-in-the-Loop, Agent automation | D12: 🔗 MCS: mcs-workflows
A13: =A12+B12/(24*60) -> 0.55208333 | B13: 30 | C13: Theorie: Skills zur Automatisierung von Geschäftsprozessen | D13: 🎓 Dozent
A14: =A13+B13/(24*60) -> 0.57291667 | B14: 20 | C14: Gruppenarbeit Skill erstellen | D14: Interaktiv
A15: =A14+B14/(24*60) -> 0.58680556 | B15: 45 | C15: Lab X: Skill Creation Agent | D15: 🔗 MCS: skill-creation-agent
A16: =A15+B15/(24*60) -> 0.61805556 | B16: 15 | C16: Pause
A17: =A16+B16/(24*60) -> 0.62847222 | B17: 15 | C17: Praxisbeispiele: VT, H+S, HR Agent | D17: 🎓 Dozent
A18: =A17+B17/(24*60) -> 0.63888889 | B18: 15 | C18: Wrap-up Tag 4 | D18: 🎓 Dozent
A20: Tagestotal | B20: =SUM(B4:B19) -> 425 | C20: Errechnetes Tagesende | D20: =A4+SUM(B4:B19)/(24*60) -> 0.64930556

Sheet Tag 5
A1: Tag 5: Erweiterte Patterns, BYOM, Hackathon-Vorbereitung
A3: Zeit | B3: Dauer (min) | C3: Was | D3: Quelle
A4: 0.35416667 | B4: 15 | C4: Recap Tag 4 | D4: 🎓 Dozent
A5: =A4+B4/(24*60) -> 0.36458333 | B5: 40 | C5: Lab 12: Autonomer CUA Agent (Computer-Using Agent, Legacy-Systeme ohne API) | D5: 🔗 MCS: autonomous-cua
A6: =A5+B5/(24*60) -> 0.39236111 | B6: 15 | C6: Praxisbeispiele: VT, H+S, HR Agent | D6: 🎓 Dozent
A7: =A6+B6/(24*60) -> 0.40277778 | B7: 30 | C7: Lab 09: Expense Claims mit Approvals (Human-in-the-Loop) | D7: 🔗 MCS: human-in-the-loop-modern
A8: =A7+B7/(24*60) -> 0.42361111 | B8: 15 | C8: Pause
A9: =A8+B8/(24*60) -> 0.43402778 | B9: 30 | C9: Lab 09: Expense Claims mit Approvals (Human-in-the-Loop) | D9: 🔗 MCS: human-in-the-loop-modern
A10: =A9+B9/(24*60) -> 0.45486111 | B10: 15 | C10: Mini-Theorie: Agent Security | D10: 🎓 Dozent
A11: =A10+B10/(24*60) -> 0.46527778 | B11: 25 | C11: Theorie: Modellauswahl in der Praxis, Kosten, Latenz, Datenschutz, zeigen in Az Foundry | D11: 🎓 Dozent
A12: =A11+B11/(24*60) -> 0.48263889 | B12: 60 | C12: Mittagspause
A13: =A12+B12/(24*60) -> 0.52430556 | B13: 15 | C13: Theorie: Zugriff auf strukturierte Daten | D13: 🎓 Dozent
A14: =A13+B13/(24*60) -> 0.53472222 | B14: 40 | C14: Lab C04: Data Agent | D14: 🔗 AI-Training: data-agent
A15: =A14+B14/(24*60) -> 0.5625 | B15: 30 | C15: Arbeit am eigenen Hackathon Use Case, Phase 2 (mit Coaching durch Dozent) | D15: 🎓 Dozent
A16: =A15+B15/(24*60) -> 0.58333333 | B16: 15 | C16: Pause
A17: =A16+B16/(24*60) -> 0.59375 | B17: 30 | C17: Arbeit am eigenen Hackathon Use Case, Phase 3 (Vorbereitung Präsentation) | D17: 🎓 Dozent
A18: =A17+B17/(24*60) -> 0.61458333 | B18: 30 | C18: Stand-up: Wer ist wo, was fehlt noch | D18: 🎓 Dozent
A19: =A18+B18/(24*60) -> 0.63541667 | B19: 15 | C19: Wrap-up Tag 5, Briefing Tag 6 | D19: 🎓 Dozent
A21: Tagestotal | B21: =SUM(B4:B19) -> 420 | C21: Errechnetes Tagesende | D21: =A4+SUM(B4:B19)/(24*60) -> 0.64583333
B24: Backup Labs
B25: 45 | C25: Lab 03a «Ask Me Anything» Teil 1 (UC#1-4), Vertiefung Knowledge Sources, Suggested Prompts, Deployment | D25: 🔗 MCS: ask-me-anything
B26: 55 | C26: Lab 03b «Ask Me Anything» Teil 2 (UC#5-7), Child Agent IT-Support, Custom Knowledge, AI Meeting Notes | D26: 🔗 MCS: ask-me-anything
B27: 40 | C27: Lab 10: Proaktive Contract Alerts (Event-Driven Benachrichtigungen, Speech-to-Text) | D27: 🔗 MCS: contract-alerts-azure-ai

Sheet Tag 6
A1: Tag 6: Hackathon und Abschlusspräsentationen
A3: Zeit | B3: Dauer (min) | C3: Was | D3: Quelle
A4: 0.35416667 | B4: 30 | C4: Welcome, Check-in zum Stand der Use Cases | D4: 🎓 Dozent
A5: =A4+B4/(24*60) -> 0.375 | B5: 180 | C5: Hackathon, Umsetzungsphase (mit Coaching) | D5: 🎓 Dozent
A6: =A5+B5/(24*60) -> 0.5 | B6: 60 | C6: Mittagspause
A7: =A6+B6/(24*60) -> 0.54166667 | B7: 90 | C7: Hackathon, finale Umsetzungsphase und Polishing der Präsentation | D7: 🎓 Dozent
A8: =A7+B7/(24*60) -> 0.60416667 | B8: 15 | C8: Pause
A9: =A8+B8/(24*60) -> 0.61458333 | B9: 75 | C9: Abschlusspräsentationen (jede Person stellt ihren Use Case vor, Zeit pro Person abhängig von Gruppengrösse) | D9: 🎓 Dozent
A10: =A9+B9/(24*60) -> 0.66666667 | B10: 30 | C10: Modul-Wrap-up, Feedback, Ausblick | D10: 🎓 Dozent
A12: Tagestotal | B12: =SUM(B4:B10) -> 480 | C12: Errechnetes Tagesende | D12: =A4+SUM(B4:B10)/(24*60) -> 0.6875
